l_english:
 gran_francisco_area:0 "Gran Francisco"
 gran_francisco_area_name:0 "Gran Francisco"
 gran_francisco_area_adj:0 "Gran Franciscan"
 south_valley_area:0 "South Valley"
 south_valley_area_name:0 "South Valley"
 south_valley_area_adj:0 "South Valleyan"
 socal_area:0 "Socal"
 socal_area_name:0 "Socal"
 socal_area_adj:0 "Socalian"
 north_valley_area:0 "North Valley"
 north_valley_area_name:0 "North Valley"
 north_valley_area_adj:0 "North Valleyan"
 death_valley_area:0 "Death Valley"
 death_valley_area_name:0 "Death Valley"
 death_valley_area_adj:0 "Death Valleyan"
 deseret_area:0 "Deseret"
 deseret_area_name:0 "Deseret"
 deseret_area_adj:0 "Deseretite"
 colorado_area:0 "Colorado"
 colorado_area_name:0 "Colorado"
 colorado_area_adj:0 "Coloradan"
 shasta_cascade_area:0 "North Jefferson"
 shasta_cascade_area_name:0 "North Jefferson"
 shasta_cascade_area_adj:0 "North Jefferson"
 redwoods_area:0 "Redwoods"
 redwoods_area_name:0 "Redwoods"
 redwoods_area_adj:0 "Redwood"
 quinte_area:0 "Quinte"
 quinte_area_name:0 "Quinte"
 quinte_area_adj:0 "Quintean"
 greater_toronto_area:0 "Greater Toronto"
 greater_toronto_area_name:0 "Greater Toronto"
 greater_toronto_area_adj:0 "Greater Torontonian"
 talbot_area:0 "Talbot"
 talbot_area_name:0 "Talbot"
 talbot_area_adj:0 "Talbotan"
 stadacona_area:0 "Stadacona"
 stadacona_area_name:0 "Stadacona"
 stadacona_area_adj:0 "Stadaconian"
 nova_scotia_area:0 "Nova Scotia"
 nova_scotia_area_name:0 "Nova Scotia"
 nova_scotia_area_adj:0 "Nova Scotian"
 cape_breton_area:0 "Cape Breton"
 cape_breton_area_name:0 "Cape Breton"
 cape_breton_area_adj:0 "Cape Bretonian"
 nootka_area:0 "Nootka"
 nootka_area_name:0 "Nootka"
 nootka_area_adj:0 "Nootkan"
 restigouche_area:0 "Restigouche"
 restigouche_area_name:0 "Restigouche"
 restigouche_area_adj:0 "Restigouchie"
 gotham_area:0 "Gotham"
 gotham_area_name:0 "Gotham"
 gotham_area_adj:0 "Gothamite"
 salinas_area:0 "Salinas"
 salinas_area_name:0 "Salinas"
 salinas_area_adj:0 "Salinan"
 cayuga_area:0 "Cayuga"
 cayuga_area_name:0 "Cayuga"
 cayuga_area_adj:0 "Cayugan"
 niagara_area:0 "Niagara"
 niagara_area_name:0 "Niagara"
 niagara_area_adj:0 "Niagaran"
 aroostook_area: "Aroostook"
 aroostook_area_name: "Aroostook"
 aroostook_area_adj: "Aroostookan"
 nepalese_area: "Nepal"
 nepalese_area_name: "Nepal"
 nepalese_area_adj: "Nepalese"
 new_hampshire_area: "New Hampshire"
 new_hampshire_area_name: "New Hampshire"
 new_hampshire_area_adj: "New Hampshiran"
 ojibwa_area: "Ojibwa"
 ojibwa_area_name: "Ojibwa"
 ojibwa_area_adj: "Ojibwan"
 vermont_area: "Vermont"
 vermont_area_name: "Vermont"
 vermont_area_adj: "Vermonter"
 delmarva_area: "Delmarva"
 delmarva_area_name: "Delmarva"
 delmarva_area_adj: "Delmarvan"
 cleveland_area: "Cleveland"
 cleveland_area_name: "Cleveland"
 cleveland_area_adj: "Clevelander"
 saginaw_area: "Saginaw"
 saginaw_area_name: "Saginaw"
 saginaw_area_adj: "Saginawer"
 northwoods_area: "Northwoods"
 northwoods_area_name: "Northwoods"
 northwoods_area_adj: "Northwooder"
 copperland_area: "Copperland"
 copperland_area_name: "Copperland"
 copperland_area_adj: "Copperlander"
 west_james_bay_area: "West James Bay"
 west_james_bay_area_name: "West James Bay"
 west_james_bay_area_adj: "West James Bayer"
 east_james_bay_area: "East James Bay"
 east_james_bay_area_name: "East James Bay"
 east_james_bay_area_adj: "East James Bayer"
 jamaica_area: "Jamaica"
 jamaica_area_name: "Jamaica"
 jamaica_area_adj: "Jamaican"
 detroit_area:0 "Detroit"
 detroit_area_name:0 "Detroit"
 detroit_area_adj:0 "Detroiter"
 up_north_area:0 "Up North"
 up_north_area_name:0 "Up North"
 up_north_area_adj:0 "Upnorthman"
 coulee_area:0 "Coulee"
 coulee_area_name:0 "Coulee"
 coulee_area_adj:0 "Couleean"
 soo_area:0 "Upper Peninsula"
 soo_area_name:0 "Upper Peninsula"
 soo_area_adj:0 "Yooper"
 the_gateway_area:0 "The Gateway"
 the_gateway_area_name:0 "The Gateway"
 the_gateway_area_adj:0 "Gatekeeper"
 actual_susquehanna_area:0 "Susquehanna"
 actual_susquehanna_area_name:0 "Susquehanna"
 actual_susquehanna_area_adj:0 "Susquehannan"
 the_triangle_area:0 "The Triangle"
 the_triangle_area_name:0 "The Triangle"
 the_triangle_area_adj:0 "Triangular"
 the_sandhills_area:0 "The Sandhills"
 the_sandhills_area_name:0 "The Sandhills"
 the_sandhills_area_adj:0 "Sandhiller"
 the_sidelings_area:0 "The Sidelings"
 the_sidelings_area_name:0 "The Sidelings"
 the_sidelings_area_adj:0 "Sidelings"
 santee_area:0 "Santee"
 santee_area_name:0 "Santee"
 santee_area_adj:0 "Santee"
 altamaha_area:0 "Altamaha"
 altamaha_area_name:0 "Altamaha"
 altamaha_area_adj:0 "Altamahan"
 sowega_area:0 "Sowega"
 sowega_area_name:0 "Sowega"
 sowega_area_adj:0 "Sowegan"
 wiregrass_area:0 "Wiregrass"
 wiregrass_area_name:0 "Wiregrass"
 wiregrass_area_adj:0 "Wiregrassian"
 birmingham_area:0 "Birmingham"
 birmingham_area_name:0 "Birmingham"
 birmingham_area_adj:0 "Birminghamian"
 great_lakes_sea_area:0 "Great Lakes"
 great_lakes_sea_area_name:0 "Great Lakes"
 great_lakes_sea_area_adj:0 "Great Laker"
 st_lawrence_river_area:0 "St Lawrence River"
 st_lawrence_river_area_name:0 "St Lawrence River"
 st_lawrence_river_area_adj:0 "St Lawrencian"
 st_lawrence_watershed_region:0 "St Lawrence Watershed"
 blue_ridge_area:0 "Blue Ridge"
 blue_ridge_area_name:0 "Blue Ridge"
 blue_ridge_area_adj:0 "Blue Ridgean"
 new_south_wales_area:0 "New South Wales"
 new_south_wales_area_name:0 "New South Wales"
 new_south_wales_area_adj:0 "New South Welsh"
 inner_australia_area:0 "Southern Australia"
 inner_australia_area_name:0 "Southern Australia"
 inner_australia_area_adj:0 "Southern Australian"
 green_bay_area:0 "Green Bay"
 green_bay_area_name:0 "Green Bay"
 green_bay_area_adj:0 "Green Bayer"
 maumee_area:0 "Maumee"
 maumee_area_name:0 "Maumee"
 maumee_area_adj:0 "Maumee"
 wabash_area:0 "Wabash"
 wabash_area_name:0 "Wabash"
 wabash_area_adj:0 "Wabash"
 shield_area:0 "Shield"
 shield_area_name:0 "Shield"
 shield_area_adj:0 "Shielder"
 little_egypt_area:0 "Little Egypt"
 little_egypt_area_name:0 "Litte Egypt"
 little_egypt_area_adj:0 "Little Egyptian"
 lingiary_area:0 "Lingiary"
 lingiary_area_name:0 "Lingiary"
 lingiary_area_adj:0 "Lingiarian"
 actual_limpopo_area:0 "Limpopo"
 actual_limpopo_area_name:0 "Limpopo"
 actual_limpopo_area_adj:0 "Limpopoan"
 nambia_area:0 "Namibia"
 nambia_area_name:0 "Namibia"
 nambia_area_adj:0 "Namibian"
 kern_area:0 "Kern"
 kern_area_name:0 "`Kern"
 kern_area_adj:0 "Kernan"
 los_padres_area:0 "Los Padres"
 los_padres_area_name:0 "Los Padres"
 los_padres_area_adj:0 "Los Padre"
 central_valley_area:0 "Central Valley"
 central_valley_area_name:0 "Central Valley"
 central_valley_area_adj:0 "Central Valleyan"
 wineland_area:0 "Wineland"
 wineland_area_name:0 "Wineland"
 wineland_area_adj:0 "Winelander"
 motherlode_area:0 "Motherlode"
 motherlode_area_name:0 "Motherlode"
 motherlode_area_adj:0 "Motherlodian"
 algonquin_area:0 "Algonquin"
 algonquin_area_name:0 "Algonquin"
 algonquin_area_adj:0 "Algonquin"
 eeyou_istchee_area:0 "Eeyou Itchee"
 eeyou_istchee_area_name:0 "Eeyou Itchee"
 eeyou_istchee_area_adj:0 "Eeyou Itchean"
 north_queensland:0 "North Queensland"
 north_queensland_name:0 "North Queensland"
 north_queensland_adj:0 "North Queenslander"
 south_queensland:0 "South Queensland"
 south_queensland_name:0 "South Queensland"
 south_queensland_adj:0 "South Queenslander"
 east_kenora_area:0 "East Kenora"
 east_kenora_area_name:0 "East Kenora"
 east_kenora_area_adj:0 "East Kenoran"
 west_kenora_area:0 "West Kenora"
 west_kenora_area_name:0 "West Kenora"
 west_kenora_area_adj:0 "West Kenoran"
 stikine_area:0 "Stikine"
 stikine_area_name:0 "Stikine"
 stikine_area_adj:0 "Stikane"
 yukon_area:0 "Yukon"
 yukon_area_name:0 "Yukon"
 yukon_area_adj:0 "Yukoner"
 keewatin_area:0 "Keewatin"
 keewatin_area_name:0 "Keewatin"
 keewatin_area_adj:0 "Keewatinian"
 fort_smith_area:0 "Fort Smith"
 fort_smith_area_name:0 "Fort Smith"
 fort_smith_area_adj:0 "Fort Smithian"
 north_cote_nord_area:0 "Haute-Cote-Nord"
 north_cote_nord_area_name:0 "Haute-Cote-Nord"
 north_cote_nord_area_adj:0 "Haute-Cote-Nordier"
 saguenay_area:0 "Saguenay"
 saguenay_area_name:0 "Saguenay"
 saguenay_area_adj:0 "Saguenayer"
 nord_du_quebec_area:0 "Nord-du-Quebec"
 nord_du_quebec_area_name:0 "Nord-du-Quebec"
 nord_du_quebec_area_adj:0 "Nord Quebecois"
 nunavik_area:0 "Nunavik"
 nunavik_area_name:0 "Nunavik"
 nunavik_area_adj:0 "Nunavikian"
 ungava_area:0 "Ungava"
 ungava_area_name:0 "Ungava"
 ungava_area_adj:0 "Ungavan"
 north_west_territories_region:0 "North West Territories"
 north_west_territories_region_name:0 "North West Territories"
 north_west_territories_region_adj:0 "North Westerly"
 north_quebec_region:0 "Northern Quebec"
 north_quebec_region_name:0 "Northern Quebec"
 north_quebec_region_adj:0 "Northern Quebecois"
 south_great_moluccas_area:0 "South Great Moluccas"
 south_great_moluccas_area_name:0 "South Great Moluccas"
 south_great_moluccas_area_adj:0 "South Great Moluccan"
 sinaloa_area:0 "Sinaloa"
 sinaloa_area_name:0 "Sinaloa"
 sinaloa_area_adj:0 "Sinaloan"
 istmo_area:0 "Istmo"
 istmo_area_name:0 "Istmo"
 istmo_area_adj:0 "Istmoan"
 peten_area:0 "Peten"
 peten_area_name:0 "Peten"
 peten_area_adj:0 "Petenian"
 salvador_area:0 "Salvado"
 salvador_area_name:0 "Salvador"
 salvador_area_adj:0 "Salvadorian"
 moskita_area:0 "Moskita"
 moskita_area_name:0 "Moskita"
 moskita_area_adj:0 "Moskitan"
 costa_rica_area:0 "Costa Rica Area"
 costa_rica_area_name:0 "Costa Rica Area"
 costa_rica_area_adj:0 "Costa Rican"
 kentuckiana_area_name:0 "Kentuckiana"
 kentuckiana_area_adj:0 "Kentuckianan"
 kentuckiana_area:0 "Kentuckiana"
 outback_area_name:0 "Outback"
 outback_area_adj:0 "Outbacker"
 outback_area:0 "Outback"
 krasnoyarsk_area_name:0 "Krasnoyarsk"
 krasnoyarsk_area_adj:0 "Krasnoyarski"
 krasnoyarsk_area:0 "Krasnoyarsk"
 perth_area_name:0 "Perth"
 perth_area_adj:0 "Perthian"
 perth_area:0 "Perth"
 auralia_area_name:0 "Auralia"
 auralia_area_adj:0 "Auralian"
 auralia_area:0 "Auralia"
 northern_namibia_area_name:0 "Northern Namibia"
 northern_namibia_area_adj:0 "Northern Namibian"
 northern_namibia_area:0 "Northern Namibia"
 free_state_area_name:0 "Free State"
 free_state_area_adj:0 "Free State"
 free_state_area:0 "Free State"
 central_botswana_area_name:0 "Central Botswana"
 central_botswana_area_adj:0 "Central Botswanan"
 central_botswana_area:0 "Central Botswana"
 northern_botswana_area_name:0 "Northern Botswana"
 northern_botswana_area_adj:0 "Northern Botswanan"
 northern_botswana_area:0 "Northern Botswana"
 southern_botswana_area_name:0 "Southern Botswana"
 southern_botswana_area_adj:0 "Southern Botswanan"
 southern_botswana_area:0 "Southern Botswana"
 zambezi_area_name:0 "Zambezi"
 zambezi_area_adj:0 "Zambezi"
 zambezi_area:0 "Zambezi"
 yellowstone_area_name:0 "Yellowstone"
 yellowstone_area_adj:0 "Yellowstoner"
 yellowstone_area:0 "Yellowstone"
 east_tennessee_area_name:0 "East Tennessee"
 east_tennessee_area_adj:0 "East Tennessean"
 east_tennessee_area:0 "East Tennessee"
 cook_strait_area_name:0 "Cook Strait"
 cook_strait_area:0 "Cook Strait"
 cook_strait_area_adj:0 "Cook"
 auckland_area_name:0 "Auckland"
 auckland_area:0 "Auckland"
 auckland_area_adj:0 "Jaffa"
 west_coast_area_name:0 "West Coast"
 west_coast_area:0 "West Coast"
 west_coast_area_adj:0 "West Coaster"
 canterbury_area_name:0 "Canterbury"
 canterbury_area:0 "Canterbury"
 canterbury_area_adj:0 "Canterburian"
 rio_grande_region:0 "Rio Grande"
 rio_grande_region_name:0 "Rio Grande"
 rio_grande_region_adj:0 "Rio Grande"
 arklatexas_area:0 "Arklatexas"
 arklatexas_area:0 "Arklatexas"
 arklatexas_area_adj:0 "Arklatexan"
 lower_rio_grande_area:0 "Lower Rio Grande"
 lower_rio_grande_area:0 "Lower Rio Grande"
 lower_rio_grande_area_adj:0 "Lower Rio Grande"
 piney_woods_area:0 "Piney Woods"
 piney_woods_area_name:0 "Piney Woods"
 piney_woods_area_adj:0 "Piney Woods"
 greater_austin_area:0 "Greater Austin"
 greater_austin_area_name:0 "Greater Austin"
 greater_austin_area_adj:0 "Greater Austin"
 edwards_brush_area:0 "Edward's Brush"
 edwards_brush_area_name:0 "Edward's Brush"
 edwards_brush_area_adj:0 "Edward's Brush"
 houston_coast_area:0 "Houston Coast"
 houston_coast_area_name:0 "Houston Coast"
 houston_coast_area_adj:0 "Houston Coast"
 metroplex_area:0 "Metroplex"
 metroplex_area_name:0 "Metroplex"
 metroplex_area_adj:0 "Metroperplex"
 waco_area:0 "Waco"
 waco_area_adj:0 "Wacky"
 waco_area_name:0 "Waco"
 guatemala_lowlands_area:0 "Guatemala Lowlands"
 guatemala_lowlands_area_adj:0 "Lowlander"
 guatemala_lowlands_area_name:0 "Guatemala Lowlands"
 campeche_area:0 "Campeche"
 campeche_area_adj:0 "Campeche"
 campeche_area_name:0 "Campeche"
 mixteca_area:0 "Mixteca"
 mixteca_area_adj:0 "Mixtec"
 mixteca_area_name:0 "Mixteca"
 tierra_caliente_area:0 "Tierra Caliente"
 tierra_caliente_area_adj:0 "Tierra Caliente"
 tierra_caliente_area_name:0 "Tierra Caliente"
 guanajuato_area:0 "Guanajuato"
 guanajuato_area_adj:0 "Guanajuatan"
 guanajuato_area_name:0 "Guanajuato"
 huasteca_area:0 "Huasteca"
 huasteca_area_adj:0 "Huastec"
 huasteca_area_name:0 "Huasteca"
 zacatecas_area:0 "Zacatecas"
 zacatecas_area_adj:0 "Zacatec"
 zacatecas_area_name:0 "Zacatecas"
 nayarit_area:0 "Nayarit"
 nayarit_area_name:0 "Nayarit"
 nayarit_area_adj:0 "Nayarit"
 chihuahua_area:0 "Chihuahua"
 chihuahua_area_adj:0 "Chihuahuan"
 chihuahua_area_name:0 "Chihuahua"
 pecos_area:0 "Pecos"
 pecos_area_adj:0 "Pecosan"
 pecos_area_name:0 "Pecos"
 sonora_area:0 "Sonora"
 sonora_area_adj:0 "Sonoran"
 sonora_area_name:0 "Sonora"
 northern_california_area:0 "North California"
 northern_california_area_adj:0 "North Californian"
 northern_california_area_name:0 "North California"
 cordillera_occidental_area:0 "Cordillera Occidental"
 cordillera_occidental_area_adj:0 "Cordillera Occidental"
 cordillera_occidental_area_name:0 "Cordillera Occidental"
 colombian_amazonas_area:0 "Colombian Amazonas"
 colombian_amazonas_area_adj:0 "Colombian Amazon"
 colombian_amazonas_area_name:0 "Colombian Amazonas"
 central_llanos_area:0 "Central Llanos"
 central_llanos_area_adj:0 "Central Llanos"
 central_llanos_area_name:0 "Central Llanos"
 lower_louisiana_area:0 "Lower Louisiana"
 lower_louisiana_area_adj:0 "Lower Louisiana"
 lower_louisiana_area_name:0 "Lower Louisiana"
 uper_louisiana_area:0 "Upper Louisiana"
 uper_louisiana_area_adj:0 "Upper Louisiana"
 uper_louisiana_area_name:0 "Upper Louisiana"
 highland_rim_area:0 "Highland Rim"
 highland_rim_area_adj:0 "Highland Rim"
 highland_rim_area_name:0 "Highland Rim"
 dominica_area:0 "Dominica"
 dominica_area_adj:0 "Dominican"
 dominica_area_name:0 "Dominica"
 puebla_area:0 "Puebla"
 puebla_area_name:0 "Puebla"
 puebla_area_adj:0 "Pueblan"
 costa_rica_area:0 "Costa Rica"
 costa_rica_area_name:0 "Costa Rica"
 costa_rica_area_adj:0 "Costa Rican"
 apacheria_area:0 "Apacheria"
 apacheria_area_adj:0 "Apacherian"
 apacheria_area_area:0 "Apacheria"
 west_congo_area:0 "West Congo"
 west_congo_name:0 "West Congo"
 west_congo_adj:0 "West Congolese"
 east_congo_area:0 "East Congo"
 east_congo_name:0 "East Congo"
 east_congo_adj:0 "East Congolese"
 upper_congo_area:0 "Upper Congo"
 upper_congo_name:0 "Upper Congo"
 upper_congo_adj:0 "Upper Congolese"
 car_area:0 "Car"
 car_name:0 "Car"
 car_adj:0 "Car"
 nova_area:0 "Nova"
 nova_area_name:0 "Nova"
 nova_area_adj:0 "Neovir"
 emporia_area:0 "Emporia"
 emporia_area_name:0 "Emporia"
 emporia_area_adj:0 "Emporial"
 uele_ubangi_area:0 "Uele-Ubangi"
 uele_ubangi_name:0 "Uele-Ubangi"
 uele_ubangi_adj:0 "Uele-Ubangi"
 southern_angola_area:0 "Southern Angola"
 southern_angola_name:0 "Southern Angola"
 southern_angola_adj:0 "Southern Angolan"
 chari_area:0 "Chari"
 chari_name:0 "Chari"
 chari_adj:0 "Chari"
 white_nile_area:0 "White Nile"
 white_nile_name:0 "White Nile"
 white_nile_adj:0 "White Nile"
 darfur_central_sahara_area:0 "Darfor"
 darfur_central_sahara_name:0 "Darfor"
 darfur_central_sahara_adj:0 "Darfor"
 chad_area:0 "Chad"
 chad_name:0 "Chad"
 chad_adj:0 "Chad"
 logone_area:0 "Logone"
 logone_name:0 "Logone"
 logone_adj:0 "Logone"
 yamamah_area:0 "al-Yamamah"
 yamamah_area_name:0 "Najd"
 yamamah_area_adj:0 "Najdi"
 qasim_area:0 "al-Qasim"
 qasim_area_name:0 "Qasim"
 qasim_area_adj:0 "Qasimi"
 blue_mountains_area:0 "Blue Mountains"
 blue_mountains_area_name:0 "Blue Mountains"
 blue_mountains_area_adj:0 "Blue Mountainer"
 oregon_area_area:0 "Oregon"
 oregon_area_area_name:0 "Oregon"
 oregon_area_area_adj:0 "Oregonian"
 bitteroot_area:0 "Bitteroot"
 bitteroot_area_name:0 "Bitteroot"
 bitteroot_area_adj:0 "Bitterootian"
 uunaay_area:0 "Oakanagan"
 uunaay_area_name:0 "Oakanagan"
 uunaay_area_adj:0 "Oakanaganer"
 central_cuba_area:1 "Central Cuba"
 central_cuba_area_name:1 "Camaguey"
 central_cuba_area_adj:1 "Camagueyan"
 haiti_area:0 "Haiti"
 haiti_area_name:0 "Haiti"
 haiti_area_adj:0 "Haitian"
 utah_region:0 "Utah"
 utah_region_name:0 "Utah"
 utah_region_adj:0 "Utahn"
 alaska_region:0 "Alaska"
 alaska_region_name:0 "Alaska"
 alaska_region_adj:0 "Alaskan"
 grand_virginia_region:0 "Grand Virginia"
 grand_virginia_region_name:0 "Grand Virginia"
 grand_virginia_region_adj:0 "Grand Virginian"
 pacific_north_america_superregion:0 "Pacific America"
 pacific_north_america_superregion_name:0 "Pacific America"
 pacific_north_america_superregion_adj:0 "Pacific American"
 great_plains_superregion:0 "Great Plains"
 great_plains_superregion_name:0 "Great Plains"
 great_plains_superregion_adj:0 "Great Plainer"
 dixie_superregion:0 "Dixie"
 dixie_superregion_name:0 "Dixie"
 dixie_superregion_adj:0 "Dixie"
 western_carribean_area:0 "Western Carribean"
 western_carribean_area_name:0 "Western Carribean"
 western_carribean_area_adj:0 "Western Carribean"
 leeward_antilles_area:0 "Leeward Antilles"
 leeward_antilles_area_name:0 "Leeward Antilles"
 leeward_antilles_area_adj:0 "Leeward Antillian"
 puerto_rico_area:0 "Puerto Rico"
 puerto_rico_area_name:0 "Puerto Rico"
 puerto_rico_area_adj:0 "Puerto Rican"
 chiriqui_area:0 "Chiriqui"
 chiriqui_area_name:0 "Chiriqui"
 chiriqui_area_adj:0 "Chiriquian"
 las_brumas_area:0 "Las Brumas"
 las_brumas_area_name:0 "Las Brumas"
 las_brumas_area_adj:0 "Las Bruman"
 belize_area:0 "Belize"
 belize_area_name:0 "Belize"
 belize_area_adj:0 "Belizian"
 pacifico_area:0 "Pacifico"
 pacifico_area_name:0 "Pacifico"
 pacifico_area_adj:0 "Pacifican"
 atlantica_region:0 "Atlantica"
 atlantica_region_name:0 "Atlantica"
 atlantica_region_adj:0 "Atlantican"
 texas_region:0 "Texas"
 texas_region_name:0 "Texas"
 texas_region_adj:0 "Texan"
 laurentia_superregion:0 "Laurentia"
 laurentia_superregion_name:0 "Laurentia"
 laurentia_superregion_adj:0 "Laurentian"