l_english:
 cote_nord_area:0 "Bas-Cote-Nord"
 cote_nord_area_name:1 "Bas-Cote-Nord"
 cote_nord_area_adj:1 "Bas-Cote-Nordier"
 western_australia_area:0 "Gascoyne"
 western_australia_area_name:0 "Gascoyne"
 western_australia_area_adj:0 "Gascoynian"
 top_end_area:0 "Top End"
 top_end_area_name:0 "Australia"
 top_end_area_adj:0 "Australian"
 northern_australia_area:0 "Northern Australia"
 northern_australia_area_name:1 "Baiali"
 northern_australia_area_adj:1 "Baiali"
 eastern_australia_area:0 "Central Queensland"
 eastern_australia_area_name:0 "Central Queensland"
 eastern_australia_area_adj:0 "Central Queenslandian"
 murray_river_area:0 "Victoria"
 murray_river_area_name:0 "Victoria"
 murray_river_area_adj:0 "Victorian"
 southern_australia_area:0 "New England"
 southern_australia_area_name:0 "New England"
 southern_australia_area_adj:0 "New English"
 piedmont_north_america_area:0 "Piedmont"
 south_carolina_area:0 "Lowcountry"
 south_carolina_area_name:1 "Lowcountry"
 south_carolina_area_adj:1 "Lowcountryman"
 upper_american_georgia_area:0 "Peachtree"
 upper_american_georgia_area_name:0 "Peachtree"
 upper_american_georgia_area_adj:1 "Peachtree"
 south_dakota_area:1 "Minnessota"
 dakota_area:0 "Dakota"
 coastal_prarie_area:1 "Texas Plains"
 laurentian_area: "Laurentides"
 laurentian_area_name: "Laurentides"
 laurentian_area_adj: "Laurentière"
 lower_canada_area: "Montréal"
 lower_canada_area_name: "Montréal"
 lower_canada_area_adj: "Montréalaise"
 notre_dame_mountains_area: "Bas-Saint-Laurent"
 notre_dame_mountains_area_name: "Bas-Saint-Laurent"
 notre_dame_mountains_area_adj: "Bas-Saint-Laurentière"
 stadacona_area: "Québec"
 stadacona_area_name: "Québec"
 stadacona_area_adj: "Québécoise"
